Datetime,Ticker,Open,High,Low,Close,Volume
2026-06-22 09:30,MU,1196.21,1204.44,1168.66,1182.34,2464213
2026-06-22 10:00,MU,1182.12,1195.87,1179.12,1190.63,3860032
2026-06-22 10:30,MU,1191,1193.17,1177.55,1190.37,3071341
2026-06-22 11:00,MU,1190.22,1194.38,1178.83,1180,2453130
2026-06-22 11:30,MU,1179.76,1182.88,1172,1179.35,2424264
2026-06-22 12:00,MU,1179.56,1201.1,1178.54,1200.8,3210324
2026-06-22 12:30,MU,1200.76,1200.87,1186.36,1191.68,2138141
2026-06-22 13:00,MU,1191.6,1196.78,1187.33,1194.31,1502241
2026-06-22 13:30,MU,1194.56,1201.44,1191.22,1197.52,1698313
2026-06-22 14:00,MU,1197.44,1202.13,1192.54,1193.81,1543471
2026-06-22 14:30,MU,1193.81,1195.91,1185.86,1190.48,1859562
2026-06-22 15:00,MU,1190.41,1195.85,1187.6,1189.38,1867545
2026-06-22 15:30,MU,1189.32,1213.55,1188.72,1211.2,5694637
2026-06-23 09:30,MU,1068.47,1099.24,1054.98,1090.88,9532849
2026-06-23 10:00,MU,1090.5,1125,1090.5,1104.35,5642324
2026-06-23 10:30,MU,1104.45,1105.46,1081.59,1089.67,2904226
2026-06-23 11:00,MU,1089.67,1095.69,1073.21,1075.68,2519859
2026-06-23 11:30,MU,1075.67,1085.65,1073.11,1082.4,2151924
2026-06-23 12:00,MU,1082.48,1097.33,1081.54,1085.6,2110319
2026-06-23 12:30,MU,1085.91,1091.13,1076.51,1079.09,1991768
2026-06-23 13:00,MU,1079.02,1080.94,1072.04,1076.34,1694480
2026-06-23 13:30,MU,1076.2,1078.5,1056.53,1057.07,2429690
2026-06-23 14:00,MU,1057,1061.9,1053.3,1057.85,2510020
2026-06-23 14:30,MU,1058,1058.34,1038.5,1046.63,3104952
2026-06-23 15:00,MU,1046.58,1058.44,1043.85,1050.4,3150071
2026-06-23 15:30,MU,1050.25,1061.61,1045.54,1051.38,2656026
2026-06-24 09:30,MU,1081.11,1082.33,1032.16,1045.24,2256094
2026-06-24 10:00,MU,1046,1055.58,1031,1049.33,4206837
2026-06-24 10:30,MU,1049.32,1058.45,1041.05,1051.15,2553316
2026-06-24 11:00,MU,1051.35,1053.88,1029,1038.95,2657437
2026-06-24 11:30,MU,1039.12,1046.5,1035.45,1042.8,1910442
2026-06-24 12:00,MU,1042.12,1049,1039.7,1044.03,1564913
2026-06-24 12:30,MU,1044,1044,1035.98,1036.94,1640782
2026-06-24 13:00,MU,1036.97,1042.57,1017.32,1018.5,2927573
2026-06-24 13:30,MU,1018.86,1029.82,1013.53,1014.6,2680128
2026-06-24 14:00,MU,1014.66,1033.75,1011.49,1030.78,2609675
2026-06-24 14:30,MU,1030.92,1034.35,1010.18,1012.29,2152091
2026-06-24 15:00,MU,1012.61,1018.01,991.1,1012.98,3521287
2026-06-24 15:30,MU,1013.24,1049,1012.64,1046.43,2835883
2026-06-25 09:30,MU,1234,1254.81,1136.33,1138.53,2074408
2026-06-25 10:00,MU,1138.79,1183.66,1137,1149.11,2497054
2026-06-25 10:30,MU,1148.34,1181,1148.24,1176.8,4894984
2026-06-25 11:00,MU,1177.48,1191.88,1163.4,1174,4767264
2026-06-25 11:30,MU,1174.3,1201.41,1173.12,1193.7,3701144
2026-06-25 12:00,MU,1193.71,1219.02,1193,1216.75,3341258
2026-06-25 12:30,MU,1216.79,1222.17,1197.87,1215.17,3496543
2026-06-25 13:00,MU,1215.09,1228,1212,1227.96,3224704
2026-06-25 13:30,MU,1228,1237.3,1222.69,1236.69,2909947
2026-06-25 14:00,MU,1236.92,1237.72,1218.14,1223.31,2869532
2026-06-25 14:30,MU,1222.92,1231.51,1213.2,1228.45,2770962
2026-06-25 15:00,MU,1228.87,1228.87,1194.72,1205.28,3920225
2026-06-25 15:30,MU,1205.59,1215.7,1194.11,1214.5,3593581
2026-06-26 09:30,MU,1139.08,1174.47,1126.5,1171.59,2650676
2026-06-26 10:00,MU,1171.9,1198.6,1171.1,1184.97,3705082
2026-06-26 10:30,MU,1184.7,1187.77,1156.29,1162.86,4603888
2026-06-26 11:00,MU,1162.79,1167.12,1150.25,1166.46,2958478
2026-06-26 11:30,MU,1166.56,1182.8,1158.65,1165.44,3489809
2026-06-26 12:00,MU,1165.3,1185.92,1163.28,1185.39,2358434
2026-06-26 12:30,MU,1185.56,1189,1175.28,1178,2350985
2026-06-26 13:00,MU,1177.5,1187.01,1174.5,1176.57,2560280
2026-06-26 13:30,MU,1176.5,1179.8,1158.06,1159.09,1888890
2026-06-26 14:00,MU,1159.32,1162.37,1143,1143.29,3069033
2026-06-26 14:30,MU,1143.45,1149.95,1141.14,1144.73,2339740
2026-06-26 15:00,MU,1144.47,1155.75,1136.36,1146.8,3638772
2026-06-26 15:30,MU,1147,1152.75,1122.38,1127.66,2707840
2026-06-29 09:30,MU,1112.04,1122.18,1061,1061.77,7771621
2026-06-29 10:00,MU,1062.27,1064,1023.65,1055.19,8904925
2026-06-29 10:30,MU,1055.21,1065.95,1038.2,1062.79,4443534
2026-06-29 11:00,MU,1062.72,1082.84,1060.35,1081.92,3860357
2026-06-29 11:30,MU,1081.96,1097.13,1077.63,1093.31,3720581
2026-06-29 12:00,MU,1093.31,1118.64,1092.6,1111.9,3649657
2026-06-29 12:30,MU,1111.56,1127.75,1105.01,1121.89,3216368
2026-06-29 13:00,MU,1121.85,1128.36,1105.22,1118.35,2815258
2026-06-29 13:30,MU,1118.41,1121.34,1110.67,1113.5,2250300
2026-06-29 14:00,MU,1113.59,1129.9,1112.76,1121.42,2135164
2026-06-29 14:30,MU,1121.2,1139.95,1119.48,1129.47,2801361
2026-06-29 15:00,MU,1129.94,1143.16,1124.45,1136.82,2925033
2026-06-29 15:30,MU,1136.6,1148.82,1122.03,1145.71,2538296
2026-06-30 09:30,MU,1144.73,1162.82,1124.5,1155,2396141
2026-06-30 10:00,MU,1154.49,1156.25,1138.28,1150.79,3585018
2026-06-30 10:30,MU,1150.97,1153,1136.2,1137.1,2684043
2026-06-30 11:00,MU,1137.35,1149.8,1137.35,1140.55,1866155
2026-06-30 11:30,MU,1140.55,1150.06,1139.21,1146.51,1390102
2026-06-30 12:00,MU,1146.58,1166.04,1145.7,1156,2737418
2026-06-30 12:30,MU,1155.71,1156.2,1148.5,1149.3,1506039
2026-06-30 13:00,MU,1149.29,1162.65,1149.07,1156.61,1955193
2026-06-30 13:30,MU,1156.62,1158.8,1151.64,1156.12,1308528
2026-06-30 14:00,MU,1156.4,1156.84,1143.61,1149.75,1583974
2026-06-30 14:30,MU,1149.89,1161.23,1148.1,1160,1760083
2026-06-30 15:00,MU,1160,1168.56,1158.78,1161.1,2542147
2026-06-30 15:30,MU,1160.86,1166.88,1150.36,1152.84,2410697
2026-07-01 09:30,MU,1082.01,1097,1064.25,1080,2806907
2026-07-01 10:00,MU,1079.85,1087.64,1071.09,1074.82,3045649
2026-07-01 10:30,MU,1074.46,1076,1048.03,1053.8,4582773
2026-07-01 11:00,MU,1053.88,1067,1051.1,1061.97,2937360
2026-07-01 11:30,MU,1061.66,1065.74,1048.19,1049.59,2467273
2026-07-01 12:00,MU,1050.1,1061.67,1046.35,1051,2821613
2026-07-01 12:30,MU,1051.01,1054.6,1048.46,1051.38,1306091
2026-07-01 13:00,MU,1051.24,1058,1044.19,1052.37,2148995
2026-07-01 13:30,MU,1052.37,1054.07,1037.77,1039.08,1988127
2026-07-01 14:00,MU,1039.19,1047.85,1038.95,1043.95,1900922
2026-07-01 14:30,MU,1043.91,1047.63,1038.28,1044.62,2172530
2026-07-01 15:00,MU,1044.52,1061.92,1043.62,1061.07,2908822
2026-07-01 15:30,MU,1061.17,1066.53,1032.2,1032.28,3374626
2026-07-02 09:30,MU,1040.58,1061.98,1027,1057.82,4222836
2026-07-02 10:00,MU,1057.99,1064.58,1010.51,1013.67,4669310
2026-07-02 10:30,MU,1014.59,1019.71,985,993.48,4838979
2026-07-02 11:00,MU,993.75,1006.93,977.08,998.22,4097800
2026-07-02 11:30,MU,998.53,1013.28,987,990.81,3387602
2026-07-02 12:00,MU,991.1,992.31,978.39,978.9,3177370
2026-07-02 12:30,MU,979.32,980.49,966,973.31,3232839
2026-07-02 13:00,MU,973.2,978.03,966.3,972.34,2116014
2026-07-02 13:30,MU,972.35,974.44,954.41,955.99,3344819
2026-07-02 14:00,MU,956.07,972.8,955.39,972.75,2914605
2026-07-02 14:30,MU,972.55,981.01,966.24,974.56,2749980
2026-07-02 15:00,MU,974.66,977,950.3,957.55,3513676
2026-07-02 15:30,MU,957.39,976.98,954.08,975.72,3596804
2026-07-06 09:30,MU,1007,1010.4,988.22,993.74,3068196
2026-07-06 10:00,MU,994.06,1018.25,991.9,1004.5,3662835
2026-07-06 10:30,MU,1004.82,1019,1004.58,1011.63,2584438
2026-07-06 11:00,MU,1011.65,1012.69,992.99,1006.7,2513047
2026-07-06 11:30,MU,1006.63,1012.86,1002.08,1012.17,1689888
2026-07-06 12:00,MU,1012.04,1014.59,1002.26,1003.09,1471322
2026-07-06 12:30,MU,1003,1007.64,999.56,1001.22,1529242
2026-07-06 13:00,MU,1001,1003.83,986,987.34,2045206
2026-07-06 13:30,MU,987.08,991.86,982.56,983.92,1972435
2026-07-06 14:00,MU,984.3,994.29,983.92,990.91,1522304
2026-07-06 14:30,MU,990.65,998.19,988.11,997.86,1434968
2026-07-06 15:00,MU,997.86,1006.5,995.5,1002.54,1966787
2026-07-06 15:30,MU,1002.66,1002.88,980.9,984.31,2005206
2026-07-07 09:30,MU,923.03,935.5,909.85,917.9,2378984
2026-07-07 10:00,MU,917.33,925.99,899.36,905.38,5361596
2026-07-07 10:30,MU,905.48,919.24,891.58,915.85,5267960
2026-07-07 11:00,MU,915.86,927.67,907.52,909.89,3891480
2026-07-07 11:30,MU,909.71,918.1,902.77,917.25,3145112
2026-07-07 12:00,MU,917.48,931.5,916.37,929.61,2791076
2026-07-07 12:30,MU,929.18,930.38,918.92,929.32,2036811
2026-07-07 13:00,MU,929.31,938.77,927.6,933.84,2201350
2026-07-07 13:30,MU,933.91,939.99,931.96,936.28,1412223
2026-07-07 14:00,MU,936.28,937.5,927.08,929.1,1675192
2026-07-07 14:30,MU,929.19,930.01,915.67,916.37,1992053
2026-07-07 15:00,MU,916.6,920.99,907.28,916.49,2935607
2026-07-07 15:30,MU,916.04,942,915.55,938.91,2737241
2026-07-08 09:30,MU,902.34,958.29,900.38,955,2721713
2026-07-08 10:00,MU,955.12,958.98,935.81,947.26,3270874
2026-07-08 10:30,MU,947.27,952.72,928.23,935.77,3205175
2026-07-08 11:00,MU,935.93,938.2,913.62,915.94,2558539
2026-07-08 11:30,MU,916.16,926.8,914.89,920.6,1924043
2026-07-08 12:00,MU,920.52,940.58,918.74,937.74,3025667
2026-07-08 12:30,MU,938,946.36,936.69,942.17,1759656
2026-07-08 13:00,MU,942.03,947.46,938.26,945.1,1504517
2026-07-08 13:30,MU,945.42,945.53,931.29,934.2,1021933
2026-07-08 14:00,MU,933.69,944,933,937.57,1088664
2026-07-08 14:30,MU,937.53,944.25,934.94,941.52,1086640
2026-07-08 15:00,MU,942,950.55,940.34,948.33,2232776
2026-07-08 15:30,MU,948.56,950.85,942,949.36,2859311
2026-07-09 09:30,MU,1013.35,1035.5,1007.27,1027.87,3123543
2026-07-09 10:00,MU,1027.84,1033.52,1003,1014.91,4180500
2026-07-09 10:30,MU,1014.88,1021.72,1008,1014.76,2531121
2026-07-09 11:00,MU,1014.95,1023.89,1012.47,1017.54,1719534
2026-07-09 11:30,MU,1017.24,1021.68,1014.7,1015.33,1358928
2026-07-09 12:00,MU,1015.32,1021.85,1013,1014.32,1439776
2026-07-09 12:30,MU,1015,1017.44,1009.26,1014.3,1500413
2026-07-09 13:00,MU,1014.45,1027,1014.28,1024.51,1713167
2026-07-09 13:30,MU,1024.68,1025.68,1020.65,1023.04,1429561
2026-07-09 14:00,MU,1023.14,1024.29,1016.99,1017.69,1044136
2026-07-09 14:30,MU,1017.87,1018.34,1005.7,1008.15,1829549
2026-07-09 15:00,MU,1008.15,1009.35,999.28,1004.67,2339936
2026-07-09 15:30,MU,1004.42,1004.58,987.16,991.29,3125483
2026-07-10 09:30,MU,965.01,978.3,957.41,972.99,3404274
2026-07-10 10:00,MU,972.48,983.36,967.59,978.42,2788099
2026-07-10 10:30,MU,978.77,982.37,967.89,969.54,2016208
2026-07-10 11:00,MU,969.88,984.47,968.11,979.88,1976906
2026-07-10 11:30,MU,980,980.63,954.13,969.55,2963604
2026-07-10 12:00,MU,969.78,983.89,969.55,983.54,1876932
2026-07-10 12:30,MU,983.75,983.9,977.88,982.3,1388353
2026-07-10 13:00,MU,981.57,996.25,978.75,995.29,1787195
2026-07-10 13:30,MU,995.59,998,988.88,990.88,1560565
2026-07-10 14:00,MU,991,993.5,986.66,988.84,1130991
2026-07-10 14:30,MU,989.03,991.9,985.87,991.34,908318
2026-07-10 15:00,MU,991.08,994.99,988.28,991.72,1045266
2026-07-10 15:30,MU,992.29,993.75,977.4,979.81,2358941
2026-07-13 09:30,MU,928.48,931,902.6,923.46,5998561
2026-07-13 10:00,MU,923.42,938.31,920.73,937.73,3491115
2026-07-13 10:30,MU,938,942.24,929.37,942.23,2317632
2026-07-13 11:00,MU,942.23,943.5,935.72,938.81,1644931
2026-07-13 11:30,MU,938.62,940.84,928.22,932.19,1672560
2026-07-13 12:00,MU,932.04,938.5,928.56,931.7,1664683
2026-07-13 12:30,MU,931.51,931.82,920.07,929.73,1941754
2026-07-13 13:00,MU,929.84,935.57,926.77,929.75,1259923
2026-07-13 13:30,MU,929.96,932,925.6,928.53,1153112
2026-07-13 14:00,MU,928.69,933,923.91,924.27,1110004
2026-07-13 14:30,MU,924.18,932.53,922.07,929.92,1235640
2026-07-13 15:00,MU,930.17,932.84,927.25,930.25,1418692
2026-07-13 15:30,MU,930.27,942.08,928,936.54,2085509
2026-07-14 09:30,MU,987.74,994.79,967.5,973.95,3191426
2026-07-14 10:00,MU,973.92,976.21,950.08,965.14,3307138
2026-07-14 10:30,MU,965.28,972.8,958.39,964.24,2068667
2026-07-14 11:00,MU,964.33,986.2,963,984.87,2500541
2026-07-14 11:30,MU,984.38,990.08,979.72,982.04,2136938
2026-07-14 12:00,MU,982.12,986.73,977.52,986.35,1386387
2026-07-14 12:30,MU,986.16,992,981.38,988.87,1227958
2026-07-14 13:00,MU,988.54,989.25,984.1,986.3,932534
2026-07-14 13:30,MU,986.44,987.45,981.91,987,856583
2026-07-14 14:00,MU,987,988.38,982.2,982.34,877049
2026-07-14 14:30,MU,982.5,983.9,978.21,980.35,860618
2026-07-14 15:00,MU,980.02,981.41,973.75,978.02,1283550
2026-07-14 15:30,MU,978.05,985.29,976.38,982.53,2130910
2026-07-15 09:30,MU,975.81,978.47,948.16,957.2,3175420
2026-07-15 10:00,MU,957.19,958.69,919.22,926.85,4321081
2026-07-15 10:30,MU,926.66,927,904.45,917.96,3233939
2026-07-15 11:00,MU,918.2,919.15,896.5,908.61,3415003
2026-07-15 11:30,MU,908.46,909.78,897,902.82,2679780
2026-07-15 12:00,MU,902.69,904.28,877.51,883.02,4285320
2026-07-15 12:30,MU,882.62,894.41,873.65,889.89,3836298
2026-07-15 13:00,MU,889.58,905.57,888.77,904.97,2859261
2026-07-15 13:30,MU,905.18,914.63,902.61,907.53,2950582
2026-07-15 14:00,MU,907.46,916.42,905.11,912.78,2760953
2026-07-15 14:30,MU,912.86,915.5,907.29,907.87,401032
2026-07-15 15:00,MU,902.525,907.87,895.1,902.59,2370682
2026-07-15 15:30,MU,902.7,914.62,902.52,905.42,4407511
2026-06-22 09:30,SNDK,2293.31,2322.99,2251.28,2277.65,1806806
2026-06-22 10:00,SNDK,2277.99,2315,2272.03,2313.8,830377
2026-06-22 10:30,SNDK,2314.47,2336.18,2299.18,2324.41,763623
2026-06-22 11:00,SNDK,2324.75,2353.48,2310,2313.21,796228
2026-06-22 11:30,SNDK,2313.93,2320.17,2283.7,2297.45,624613
2026-06-22 12:00,SNDK,2299.12,2323.79,2291.49,2318.34,416898
2026-06-22 12:30,SNDK,2318.65,2320.44,2295,2302.99,322642
2026-06-22 13:00,SNDK,2304.37,2320.1,2298.85,2318.42,255530
2026-06-22 13:30,SNDK,2318.07,2328.92,2317.78,2321.33,290716
2026-06-22 14:00,SNDK,2322.3,2333.7,2309.9,2314.77,270991
2026-06-22 14:30,SNDK,2315.6,2322,2307.3,2316,222582
2026-06-22 15:00,SNDK,2316.5,2328.04,2292.08,2292.08,450258
2026-06-22 15:30,SNDK,2292.91,2314.12,2268,2273.18,694746
2026-06-23 09:30,SNDK,2007.7,2026,1949.8,2004.46,449601
2026-06-23 10:00,SNDK,2004.46,2059.79,1983,2030.91,674046
2026-06-23 10:30,SNDK,2030.97,2031.52,1978.01,2004,682031
2026-06-23 11:00,SNDK,2003.75,2008,1979.03,1987.17,526294
2026-06-23 11:30,SNDK,1988.65,1999.17,1983.6,1986.8,340782
2026-06-23 12:00,SNDK,1987.56,2017.83,1985.4,2004.9,397795
2026-06-23 12:30,SNDK,2003.96,2006.42,1985.75,1989.1,303050
2026-06-23 13:00,SNDK,1989.1,1993,1973.68,1986.01,405126
2026-06-23 13:30,SNDK,1986,1988.67,1952.27,1953.92,411268
2026-06-23 14:00,SNDK,1953.95,1969.5,1951.91,1965.55,373650
2026-06-23 14:30,SNDK,1965,1970.45,1950,1962.97,442140
2026-06-23 15:00,SNDK,1961.38,1979.68,1950,1976.55,697827
2026-06-23 15:30,SNDK,1976.87,1986.91,1951,1960,677246
2026-06-24 09:30,SNDK,1988.4,2021,1925.62,1970.31,841298
2026-06-24 10:00,SNDK,1971.43,1974.03,1925,1955.83,666299
2026-06-24 10:30,SNDK,1957.2,1967,1935.5,1946.27,1042845
2026-06-24 11:00,SNDK,1946.77,1953,1908,1925.52,669643
2026-06-24 11:30,SNDK,1925.53,1937,1913,1926.15,502101
2026-06-24 12:00,SNDK,1923.11,1941.98,1920.12,1920.76,247610
2026-06-24 12:30,SNDK,1920.12,1928.72,1908.27,1910.55,333873
2026-06-24 13:00,SNDK,1911.44,1918.03,1869.14,1873.99,686509
2026-06-24 13:30,SNDK,1873.3,1889,1863.76,1868.52,460657
2026-06-24 14:00,SNDK,1869.52,1907.56,1863.81,1901.18,368623
2026-06-24 14:30,SNDK,1901.5,1904.79,1868,1873,314708
2026-06-24 15:00,SNDK,1872.58,1894.95,1861.01,1893.48,395783
2026-06-24 15:30,SNDK,1893.05,1928.36,1892.56,1923.83,890613
2026-06-25 09:30,SNDK,2235.38,2292,2092.08,2101.31,3269320
2026-06-25 10:00,SNDK,2101.93,2192.95,2101.58,2138.24,1350203
2026-06-25 10:30,SNDK,2140,2216.74,2140,2207.84,760887
2026-06-25 11:00,SNDK,2208.99,2234.82,2177.21,2200,710192
2026-06-25 11:30,SNDK,2200.11,2237,2198,2216.56,396506
2026-06-25 12:00,SNDK,2215.11,2272.43,2212,2272.07,592163
2026-06-25 12:30,SNDK,2272.95,2274.2,2240.8,2267,572907
2026-06-25 13:00,SNDK,2268.19,2290,2257.58,2273.75,461964
2026-06-25 13:30,SNDK,2274,2310.05,2264,2308.06,673345
2026-06-25 14:00,SNDK,2307.02,2321,2288,2318.8,648800
2026-06-25 14:30,SNDK,2317.24,2317.86,2285.86,2298.65,473577
2026-06-25 15:00,SNDK,2298.66,2318.03,2268.5,2314.19,615079
2026-06-25 15:30,SNDK,2314.23,2347.95,2283.59,2334.98,738745
2026-06-26 09:30,SNDK,2170,2204.9,2126.12,2204.9,596708
2026-06-26 10:00,SNDK,2203.22,2256.46,2201,2223.74,692266
2026-06-26 10:30,SNDK,2221.35,2228.2,2175.02,2181.38,568023
2026-06-26 11:00,SNDK,2183.69,2186.87,2139.42,2165.38,643081
2026-06-26 11:30,SNDK,2166.45,2196.51,2145,2157.17,737705
2026-06-26 12:00,SNDK,2157.13,2167.54,2140.27,2166.49,355047
2026-06-26 12:30,SNDK,2167.54,2185,2158.77,2160.55,368047
2026-06-26 13:00,SNDK,2160.54,2179.67,2158.54,2170,247714
2026-06-26 13:30,SNDK,2170.26,2175,2142.5,2144.33,348670
2026-06-26 14:00,SNDK,2144.57,2146.63,2110,2114.5,539186
2026-06-26 14:30,SNDK,2115.79,2121.99,2107.5,2111.38,516485
2026-06-26 15:00,SNDK,2110.23,2140.46,2102.73,2138,730442
2026-06-26 15:30,SNDK,2138.94,2154.01,2063.04,2093.68,643988
2026-06-29 09:30,SNDK,2091.97,2092.26,1921.74,1923.69,846322
2026-06-29 10:00,SNDK,1924.92,1948,1895,1940,1193058
2026-06-29 10:30,SNDK,1941.2,1964.86,1901.61,1931.89,970752
2026-06-29 11:00,SNDK,1932.57,1955.57,1924,1953.45,604649
2026-06-29 11:30,SNDK,1953.84,1996.78,1948.96,1989.4,745105
2026-06-29 12:00,SNDK,1989.13,2022.8,1989,2003.15,609349
2026-06-29 12:30,SNDK,2004.54,2033.72,1991.73,2018.91,490540
2026-06-29 13:00,SNDK,2018.67,2025,1976.3,1997.5,431639
2026-06-29 13:30,SNDK,1998,2011.11,1986,1994.98,331729
2026-06-29 14:00,SNDK,1994.46,2022.19,1991,2004.59,348250
2026-06-29 14:30,SNDK,2004,2027.99,2000.65,2011.14,361683
2026-06-29 15:00,SNDK,2011.54,2041,2001.89,2039.7,505832
2026-06-29 15:30,SNDK,2039.96,2068,2008,2051.04,1054171
2026-06-30 09:30,SNDK,2111.81,2179,2070,2167.05,881671
2026-06-30 10:00,SNDK,2168.66,2178.88,2128.99,2178,866582
2026-06-30 10:30,SNDK,2178,2215.21,2158,2160,1084892
2026-06-30 11:00,SNDK,2161.46,2205,2160.99,2193,752615
2026-06-30 11:30,SNDK,2192.42,2199.03,2176.29,2185.48,404795
2026-06-30 12:00,SNDK,2184.46,2212,2183,2200,461316
2026-06-30 12:30,SNDK,2199.67,2208,2187.17,2188.44,339767
2026-06-30 13:00,SNDK,2188.44,2215.97,2185.24,2206.75,510057
2026-06-30 13:30,SNDK,2207.39,2249.5,2201.03,2234.5,615898
2026-06-30 14:00,SNDK,2233.26,2254.3,2229.08,2252.75,565638
2026-06-30 14:30,SNDK,2252.75,2274.36,2244.31,2259.4,665612
2026-06-30 15:00,SNDK,2260.28,2269,2240.99,2256.79,572179
2026-06-30 15:30,SNDK,2255.66,2280.8,2251.83,2272.59,1077349
2026-07-01 09:30,SNDK,2085.17,2129.98,2059,2103.03,1799062
2026-07-01 10:00,SNDK,2103.62,2109.56,2075.17,2082.83,764616
2026-07-01 10:30,SNDK,2081.82,2083.74,2016.03,2028.74,1154983
2026-07-01 11:00,SNDK,2026.64,2074,2026.64,2072.94,628421
2026-07-01 11:30,SNDK,2072.2,2077,2048.51,2058.15,340229
2026-07-01 12:00,SNDK,2056.92,2073.3,2046.35,2046.57,331630
2026-07-01 12:30,SNDK,2046.12,2066.83,2043.03,2048.3,353915
2026-07-01 13:00,SNDK,2048.38,2055.99,2036,2051.6,376251
2026-07-01 13:30,SNDK,2051.65,2051.99,2016.68,2019.79,422418
2026-07-01 14:00,SNDK,2019,2039.83,2019,2022.64,335676
2026-07-01 14:30,SNDK,2022.49,2024.01,2002,2013.1,567497
2026-07-01 15:00,SNDK,2012,2056.88,2011,2056.15,767062
2026-07-01 15:30,SNDK,2056.32,2066,2024.29,2034.12,721359
2026-07-02 09:30,SNDK,2043.63,2052.13,1976,1995.38,839202
2026-07-02 10:00,SNDK,1997.45,2014.64,1902.1,1902.1,769059
2026-07-02 10:30,SNDK,1902.33,1912.5,1825.76,1837.2,636870
2026-07-02 11:00,SNDK,1837.01,1841.78,1780,1808.69,885875
2026-07-02 11:30,SNDK,1808.42,1856.5,1799.3,1809.41,890113
2026-07-02 12:00,SNDK,1809,1816.26,1774.8,1779.2,795303
2026-07-02 12:30,SNDK,1779,1782,1743.23,1759.2,854067
2026-07-02 13:00,SNDK,1759.58,1780.03,1745,1758.53,712000
2026-07-02 13:30,SNDK,1758,1760.15,1708.2,1709,832853
2026-07-02 14:00,SNDK,1710,1738.08,1707.58,1734.6,715841
2026-07-02 14:30,SNDK,1735,1756.03,1725.28,1738.3,669231
2026-07-02 15:00,SNDK,1738.32,1746,1693.79,1722.25,870829
2026-07-02 15:30,SNDK,1723.38,1750.51,1705.58,1743.7,916102
2026-07-06 09:30,SNDK,1826.8,1829.78,1753.33,1789.01,848604
2026-07-06 10:00,SNDK,1790,1826,1785.13,1801.3,548895
2026-07-06 10:30,SNDK,1802.97,1837.31,1800.82,1816.28,645510
2026-07-06 11:00,SNDK,1817.42,1818,1778.84,1808.47,481562
2026-07-06 11:30,SNDK,1808.47,1819.73,1794.91,1813.01,283061
2026-07-06 12:00,SNDK,1813.01,1821.31,1787.89,1789.49,347152
2026-07-06 12:30,SNDK,1789.03,1794.06,1757.27,1759.19,392981
2026-07-06 13:00,SNDK,1759.3,1765,1726.17,1727.11,613808
2026-07-06 13:30,SNDK,1727.86,1735.68,1714,1722.3,620023
2026-07-06 14:00,SNDK,1723.26,1746.64,1722.5,1738.33,433434
2026-07-06 14:30,SNDK,1738.05,1738.05,1718.19,1718.19,433636
2026-07-06 15:00,SNDK,1718.94,1745,1718.84,1741.24,515956
2026-07-06 15:30,SNDK,1742.5,1749.99,1735,1744.71,524623
2026-07-07 09:30,SNDK,1619.28,1638.88,1570,1579.61,409207
2026-07-07 10:00,SNDK,1579.26,1589.64,1521.28,1532.25,1037345
2026-07-07 10:30,SNDK,1532.73,1557.57,1485.62,1546.98,876427
2026-07-07 11:00,SNDK,1548.58,1584.35,1533.41,1555.24,754847
2026-07-07 11:30,SNDK,1556.65,1573,1545.93,1564.38,608386
2026-07-07 12:00,SNDK,1563.01,1606.99,1562.75,1602.96,760876
2026-07-07 12:30,SNDK,1602.82,1605,1581.9,1595.45,432599
2026-07-07 13:00,SNDK,1594.48,1619.49,1589.91,1609.97,405537
2026-07-07 13:30,SNDK,1609.34,1617.22,1596.71,1610.32,377862
2026-07-07 14:00,SNDK,1611.09,1615.18,1599.75,1607.48,279394
2026-07-07 14:30,SNDK,1607.11,1611.97,1565.24,1565.67,511712
2026-07-07 15:00,SNDK,1565.87,1582.45,1552.9,1582.45,676566
2026-07-07 15:30,SNDK,1580.66,1622.14,1579.28,1618.28,617924
2026-07-08 09:30,SNDK,1591.94,1699.87,1590,1684.36,814099
2026-07-08 10:00,SNDK,1683.82,1690,1654.64,1682,837766
2026-07-08 10:30,SNDK,1680,1707.5,1633.12,1654.8,1063753
2026-07-08 11:00,SNDK,1655,1660.51,1592,1600.49,849393
2026-07-08 11:30,SNDK,1600.39,1629.55,1591,1603.65,612695
2026-07-08 12:00,SNDK,1604.31,1644,1602.8,1635.01,526718
2026-07-08 12:30,SNDK,1635.55,1646.89,1620,1637.89,435448
2026-07-08 13:00,SNDK,1635.66,1669.55,1631,1667.83,483255
2026-07-08 13:30,SNDK,1668.38,1674.46,1652.49,1664.29,442643
2026-07-08 14:00,SNDK,1663.48,1684.74,1660.13,1666.73,474868
2026-07-08 14:30,SNDK,1667.05,1679,1661.4,1671.94,511159
2026-07-08 15:00,SNDK,1672.7,1686.11,1665,1678.28,430201
2026-07-08 15:30,SNDK,1678.31,1734.69,1665,1727.17,1437883
2026-07-09 09:30,SNDK,1835.61,1859,1801,1844,2091366
2026-07-09 10:00,SNDK,1844.52,1865,1810.51,1844.37,1164933
2026-07-09 10:30,SNDK,1844.99,1871.34,1830,1865.22,788430
2026-07-09 11:00,SNDK,1865.22,1894.74,1864,1882,821616
2026-07-09 11:30,SNDK,1881.97,1888.38,1869,1871.26,448731
2026-07-09 12:00,SNDK,1871.65,1890.99,1871.65,1881.77,402058
2026-07-09 12:30,SNDK,1881.78,1886.06,1872.17,1878.81,307689
2026-07-09 13:00,SNDK,1878.62,1924.83,1878,1923.74,788896
2026-07-09 13:30,SNDK,1923.65,1949.12,1920.18,1939.44,709481
2026-07-09 14:00,SNDK,1939.8,1952.59,1932,1947.34,682563
2026-07-09 14:30,SNDK,1946.67,1949,1908.09,1914.6,757080
2026-07-09 15:00,SNDK,1914.99,1914.99,1881,1902.27,913386
2026-07-09 15:30,SNDK,1901.58,1905.99,1851.08,1858.22,1061269
2026-07-10 09:30,SNDK,1778.98,1856.88,1773.51,1841.69,1347254
2026-07-10 10:00,SNDK,1843.29,1874.69,1835.01,1869.07,877849
2026-07-10 10:30,SNDK,1869.88,1889.94,1840.69,1847.88,740344
2026-07-10 11:00,SNDK,1848.66,1917,1844,1910.18,758425
2026-07-10 11:30,SNDK,1910.62,1913.91,1851.5,1874.25,751619
2026-07-10 12:00,SNDK,1874.09,1909.65,1874.09,1907,620735
2026-07-10 12:30,SNDK,1906.5,1928,1900.18,1912.49,618140
2026-07-10 13:00,SNDK,1912.79,1941.39,1904,1936.98,525409
2026-07-10 13:30,SNDK,1936.81,1946.83,1922,1928.85,544912
2026-07-10 14:00,SNDK,1929.99,1945,1916.01,1928.06,569552
2026-07-10 14:30,SNDK,1928.05,1929.89,1912.53,1921.81,358785
2026-07-10 15:00,SNDK,1922.41,1938.5,1913.02,1922.25,421673
2026-07-10 15:30,SNDK,1924.01,1927.9,1895.18,1915.24,876580
2026-07-13 09:30,SNDK,1790.25,1800,1701.01,1736.59,2161336
2026-07-13 10:00,SNDK,1737.54,1769.95,1730,1768.21,1007473
2026-07-13 10:30,SNDK,1769.08,1779.41,1736.16,1768.65,611784
2026-07-13 11:00,SNDK,1769,1776.64,1750,1756.16,489950
2026-07-13 11:30,SNDK,1755.01,1761.02,1705.49,1711.41,782503
2026-07-13 12:00,SNDK,1710.29,1713.41,1676.02,1695.23,1111744
2026-07-13 12:30,SNDK,1694.76,1703,1661.82,1702.81,899419
2026-07-13 13:00,SNDK,1703,1709.4,1680,1689.31,561315
2026-07-13 13:30,SNDK,1689.85,1693.72,1666.01,1674,465536
2026-07-13 14:00,SNDK,1674.77,1689,1663.85,1663.85,518812
2026-07-13 14:30,SNDK,1664.47,1675,1657.07,1661.12,569752
2026-07-13 15:00,SNDK,1662.13,1670.97,1646.34,1651.41,742835
2026-07-13 15:30,SNDK,1651.72,1699,1650.84,1673.76,672623
2026-07-14 09:30,SNDK,1804.59,1812.54,1762.83,1770.88,871295
2026-07-14 10:00,SNDK,1771.28,1778.43,1717,1745,869661
2026-07-14 10:30,SNDK,1746,1760.65,1711.3,1731.96,724387
2026-07-14 11:00,SNDK,1732.74,1772.97,1732.74,1769.63,629985
2026-07-14 11:30,SNDK,1769.96,1780.94,1755.02,1764.4,507876
2026-07-14 12:00,SNDK,1764.53,1771.77,1738,1771.3,405653
2026-07-14 12:30,SNDK,1771.76,1784,1756.02,1773.54,378096
2026-07-14 13:00,SNDK,1773.7,1777,1765.31,1770.63,253106
2026-07-14 13:30,SNDK,1769.54,1784.99,1761.5,1783.95,323387
2026-07-14 14:00,SNDK,1782.98,1789,1766.56,1767.86,321708
2026-07-14 14:30,SNDK,1768.4,1777,1761.41,1762.6,297195
2026-07-14 15:00,SNDK,1761.86,1771.99,1752.14,1764.05,323627
2026-07-14 15:30,SNDK,1762.42,1774.8,1747,1757.82,603384
2026-07-15 09:30,SNDK,1693.5,1701.6,1637.18,1661.3,1720551
2026-07-15 10:00,SNDK,1660.96,1663.81,1560.21,1583.9,1794622
2026-07-15 10:30,SNDK,1584.03,1584.03,1502.32,1543,2321656
2026-07-15 11:00,SNDK,1542.34,1555.49,1526.69,1549.06,1146048
2026-07-15 11:30,SNDK,1549.35,1561.73,1536.72,1543.58,743130
2026-07-15 12:00,SNDK,1543.58,1546.9,1482.02,1500.62,1369428
2026-07-15 12:30,SNDK,1500,1543,1480.895,1537.55,1299137
2026-07-15 13:00,SNDK,1536.01,1581.79,1536.01,1579.24,1058930
2026-07-15 13:30,SNDK,1580,1621.66,1573.552,1613.935,1300530
2026-07-15 14:00,SNDK,1613.5641,1651.137,1609.42,1644,1288364
2026-07-15 14:30,SNDK,1647.7917,1651.15,1591.13,1603.985,1224460
2026-07-15 15:00,SNDK,1605.95,1641.9999,1601.8087,1639.67,805795
2026-07-15 15:30,SNDK,1644.24,1653.7,1604.77,1614.9923,1259649
2026-06-22 09:30,MSFT,375.74,381.6,374.34,379.9,2072152
2026-06-22 10:00,MSFT,379.83,380.89,373.53,373.62,2439170
2026-06-22 10:30,MSFT,373.59,374.45,371.45,372.26,2878641
2026-06-22 11:00,MSFT,372.28,373.09,370.58,371.18,2508869
2026-06-22 11:30,MSFT,371.18,372.05,370.36,370.52,1744209
2026-06-22 12:00,MSFT,370.58,370.69,367.95,368.45,2007876
2026-06-22 12:30,MSFT,368.45,369.06,368,368.85,1732672
2026-06-22 13:00,MSFT,368.91,369.58,368.1,369.01,1805230
2026-06-22 13:30,MSFT,368.96,370.12,368.68,370.04,1339115
2026-06-22 14:00,MSFT,370.02,370.65,369.58,370.36,1348476
2026-06-22 14:30,MSFT,370.38,370.52,369.14,369.31,1441945
2026-06-22 15:00,MSFT,369.32,370.47,369,369.75,1842774
2026-06-22 15:30,MSFT,369.76,370.44,367.07,367.14,2178174
2026-06-23 09:30,MSFT,372.54,375.9,370.67,374.79,2614989
2026-06-23 10:00,MSFT,374.85,376.39,373.22,376.28,2863196
2026-06-23 10:30,MSFT,376.3,377.2,374.13,374.73,2273635
2026-06-23 11:00,MSFT,374.72,375,372.77,372.98,1657358
2026-06-23 11:30,MSFT,372.94,373.64,372.46,373.4,1547026
2026-06-23 12:00,MSFT,373.45,373.55,371.65,373.19,1458408
2026-06-23 12:30,MSFT,373.17,373.53,372.58,372.88,1320664
2026-06-23 13:00,MSFT,372.9,373.18,372.43,373,1027493
2026-06-23 13:30,MSFT,373.01,374.58,372.6,373.54,1502657
2026-06-23 14:00,MSFT,373.56,374.24,373.14,373.18,1326210
2026-06-23 14:30,MSFT,373.16,373.73,372.29,372.85,1595240
2026-06-23 15:00,MSFT,372.87,374.2,372.77,373.93,1638855
2026-06-23 15:30,MSFT,373.95,376.1,373.39,373.9,1780784
2026-06-24 09:30,MSFT,371.61,378.88,370.98,374.45,2643352
2026-06-24 10:00,MSFT,374.66,374.94,372.58,374.84,1857516
2026-06-24 10:30,MSFT,374.85,375.59,372.6,375.56,1713515
2026-06-24 11:00,MSFT,375.56,375.59,373.82,374.92,2006544
2026-06-24 11:30,MSFT,374.95,375.06,373.38,374.12,1006089
2026-06-24 12:00,MSFT,374.1,374.62,373.06,373.12,1163854
2026-06-24 12:30,MSFT,373.12,373.44,372.18,372.85,1093189
2026-06-24 13:00,MSFT,372.88,373.34,370.8,370.92,1267591
2026-06-24 13:30,MSFT,370.91,371.88,370.3,370.65,1492907
2026-06-24 14:00,MSFT,370.69,372.27,370.58,370.6,1552296
2026-06-24 14:30,MSFT,370.65,371.4,368.57,369.03,2308445
2026-06-24 15:00,MSFT,369.04,369.3,368.4,368.45,2321842
2026-06-24 15:30,MSFT,368.45,368.69,364.79,365.47,2367226
2026-06-25 09:30,MSFT,362.62,364.23,356.6,357.26,1205198
2026-06-25 10:00,MSFT,357.42,360,356.97,359.88,2952827
2026-06-25 10:30,MSFT,359.9,359.97,355.33,355.56,3016778
2026-06-25 11:00,MSFT,355.63,356.18,353.71,356.07,3412345
2026-06-25 11:30,MSFT,356.04,356.6,354.82,355.61,2777094
2026-06-25 12:00,MSFT,355.64,355.64,352.37,352.41,2805919
2026-06-25 12:30,MSFT,352.4,352.6,351.12,351.62,2842421
2026-06-25 13:00,MSFT,351.65,352.31,350.87,351.62,1875359
2026-06-25 13:30,MSFT,351.62,351.7,349.2,350.63,3133818
2026-06-25 14:00,MSFT,350.64,357.72,350.28,357.72,3647474
2026-06-25 14:30,MSFT,357.75,357.79,354.35,355.35,3254058
2026-06-25 15:00,MSFT,355.45,355.63,352.27,352.61,2952916
2026-06-25 15:30,MSFT,352.62,355.5,351.66,352.52,1644871
2026-06-26 09:30,MSFT,357.15,364.18,355.44,362.18,965988
2026-06-26 10:00,MSFT,362.14,367.77,360.9,367.05,2509863
2026-06-26 10:30,MSFT,367.09,370.27,365.3,369.87,4175587
2026-06-26 11:00,MSFT,369.87,370.6,367.6,370.37,4431711
2026-06-26 11:30,MSFT,370.37,371.51,369.23,370.19,3502359
2026-06-26 12:00,MSFT,370.16,370.54,367.5,367.95,3297285
2026-06-26 12:30,MSFT,368,370.83,367.77,369.51,2991391
2026-06-26 13:00,MSFT,369.51,370.37,368.89,369.91,2822670
2026-06-26 13:30,MSFT,369.9,371.48,368.57,370.72,3120547
2026-06-26 14:00,MSFT,370.72,371.8,370.43,370.45,3097634
2026-06-26 14:30,MSFT,370.45,372,369.41,369.67,3790250
2026-06-26 15:00,MSFT,369.69,371.72,369.6,370.03,5435469
2026-06-26 15:30,MSFT,370.04,376.61,369.97,371.36,14975173
2026-06-29 09:30,MSFT,377.28,380.5,374.5,379.15,1976524
2026-06-29 10:00,MSFT,379.21,379.49,375.05,376.27,3355857
2026-06-29 10:30,MSFT,376.25,377.12,371.66,371.96,2867012
2026-06-29 11:00,MSFT,371.99,373.68,371.53,373.31,2860085
2026-06-29 11:30,MSFT,373.33,373.58,370.27,371.58,2771609
2026-06-29 12:00,MSFT,371.62,371.78,367.74,368.17,3001906
2026-06-29 12:30,MSFT,368.15,369.47,367.23,369.03,2660078
2026-06-29 13:00,MSFT,369.03,370.27,367,369.63,2138830
2026-06-29 13:30,MSFT,369.65,370.25,368.38,368.79,1699595
2026-06-29 14:00,MSFT,368.77,368.77,367.55,368.05,1293328
2026-06-29 14:30,MSFT,368.05,368.8,367.3,368.14,2158337
2026-06-29 15:00,MSFT,368.14,369.59,367.37,367.44,2648977
2026-06-29 15:30,MSFT,367.42,369,366.82,368.5,1867410
2026-06-30 09:30,MSFT,370.99,372.59,367.45,371.55,2955790
2026-06-30 10:00,MSFT,371.47,372.6,370.44,371.98,2106511
2026-06-30 10:30,MSFT,371.94,372.6,369.16,369.81,2095052
2026-06-30 11:00,MSFT,369.77,370.67,368.19,370.66,1611854
2026-06-30 11:30,MSFT,370.65,370.9,369.83,370.51,1602307
2026-06-30 12:00,MSFT,370.55,371.4,370.2,370.93,1076129
2026-06-30 12:30,MSFT,370.91,373.37,370.55,372.75,1724672
2026-06-30 13:00,MSFT,372.71,373.01,370.71,371.38,1606325
2026-06-30 13:30,MSFT,371.38,371.48,370.43,370.9,1109224
2026-06-30 14:00,MSFT,370.87,371.43,370.33,370.78,1316413
2026-06-30 14:30,MSFT,370.77,370.97,369.84,370.5,1770645
2026-06-30 15:00,MSFT,370.49,371.86,370.35,371.2,1588411
2026-06-30 15:30,MSFT,371.2,374.14,370.88,372.72,2901156
2026-07-01 09:30,MSFT,380.83,381,374.9,377.51,2583360
2026-07-01 10:00,MSFT,377.55,383.23,376.76,382.27,3308539
2026-07-01 10:30,MSFT,382.23,385.4,381.38,385.26,3195808
2026-07-01 11:00,MSFT,385.31,387.82,384.8,386.74,2614416
2026-07-01 11:30,MSFT,386.76,386.93,383.8,385.87,2337434
2026-07-01 12:00,MSFT,385.9,386.41,385.08,385.61,1346068
2026-07-01 12:30,MSFT,385.63,387.12,385.33,386.31,1358326
2026-07-01 13:00,MSFT,386.28,388.15,386.06,387.86,1725927
2026-07-01 13:30,MSFT,387.83,388.26,386.58,387.75,1436070
2026-07-01 14:00,MSFT,387.71,388.83,387.25,388.22,1626581
2026-07-01 14:30,MSFT,388.16,388.33,386.8,386.91,1643583
2026-07-01 15:00,MSFT,386.95,388.04,385.15,385.2,2216008
2026-07-01 15:30,MSFT,385.15,385.79,382.78,384.33,2159103
2026-07-02 09:30,MSFT,384.04,387.3,383.7,386.42,2434262
2026-07-02 10:00,MSFT,386.44,389.8,385.95,388.65,1865592
2026-07-02 10:30,MSFT,388.59,390.5,387.77,390.11,2903012
2026-07-02 11:00,MSFT,390.13,390.57,386.33,387.76,3156128
2026-07-02 11:30,MSFT,387.84,389.32,387.58,389.07,1724773
2026-07-02 12:00,MSFT,389.07,390.93,388.38,390.89,1342901
2026-07-02 12:30,MSFT,390.94,391.07,389.39,390.39,1797709
2026-07-02 13:00,MSFT,390.41,391.79,388.78,391.7,1687191
2026-07-02 13:30,MSFT,391.69,392.08,390.19,390.54,1590999
2026-07-02 14:00,MSFT,390.61,391.86,389.7,390.94,1599302
2026-07-02 14:30,MSFT,390.92,391.55,390.17,390.87,1021735
2026-07-02 15:00,MSFT,390.89,392.2,390.13,391.2,2114988
2026-07-02 15:30,MSFT,391.2,392.39,389.68,389.83,1948635
2026-07-06 09:30,MSFT,387.04,389.04,381.23,384.83,2085252
2026-07-06 10:00,MSFT,384.77,385.43,382.78,384.06,2723549
2026-07-06 10:30,MSFT,384.1,385.25,382.58,385.25,2139403
2026-07-06 11:00,MSFT,385.28,386.88,385.03,386.75,1618981
2026-07-06 11:30,MSFT,386.77,387,386.02,386.02,1426531
2026-07-06 12:00,MSFT,386.07,386.3,383.67,384.02,1357529
2026-07-06 12:30,MSFT,384.05,385.3,383.88,385.07,882029
2026-07-06 13:00,MSFT,385.09,386.15,385.09,385.83,1031804
2026-07-06 13:30,MSFT,385.79,386.07,384.13,384.71,1009355
2026-07-06 14:00,MSFT,384.71,386.6,384.2,386.34,1129454
2026-07-06 14:30,MSFT,386.38,386.76,385.61,385.81,893259
2026-07-06 15:00,MSFT,385.82,386.52,385.73,386.32,1643215
2026-07-06 15:30,MSFT,386.31,387.2,385.99,386.89,1656756
2026-07-07 09:30,MSFT,392.49,394.72,388.52,393.46,2397482
2026-07-07 10:00,MSFT,393.46,395.57,391.51,393.87,2337831
2026-07-07 10:30,MSFT,393.94,394.88,391.48,391.91,2156329
2026-07-07 11:00,MSFT,391.91,394.03,391.76,393.38,1542837
2026-07-07 11:30,MSFT,393.39,394.15,392.54,393.7,1405790
2026-07-07 12:00,MSFT,393.8,394.4,392.71,394.12,1725759
2026-07-07 12:30,MSFT,394.12,394.85,393.63,394.05,1208245
2026-07-07 13:00,MSFT,394.01,394.31,392.96,393.56,902822
2026-07-07 13:30,MSFT,393.6,393.6,392.27,392.83,867126
2026-07-07 14:00,MSFT,392.83,393.38,391.72,391.82,1488453
2026-07-07 14:30,MSFT,391.85,392.04,390.67,391.03,968952
2026-07-07 15:00,MSFT,391.03,391.03,389.45,389.52,1434751
2026-07-07 15:30,MSFT,389.54,390.13,388.24,388.64,1587711
2026-07-08 09:30,MSFT,384.08,385.29,381.68,383.2,3172342
2026-07-08 10:00,MSFT,383.15,384.51,381.33,382.26,1893670
2026-07-08 10:30,MSFT,382.22,383.85,381.73,383.15,1339210
2026-07-08 11:00,MSFT,383.17,383.25,382.06,382.06,1256773
2026-07-08 11:30,MSFT,382.07,382.94,381.56,382.7,882468
2026-07-08 12:00,MSFT,382.74,382.97,382.04,382.49,633455
2026-07-08 12:30,MSFT,382.44,383.24,382.04,382.08,1831658
2026-07-08 13:00,MSFT,382.08,383.59,381.55,383.49,1017546
2026-07-08 13:30,MSFT,383.49,383.78,382.99,383.48,1209670
2026-07-08 14:00,MSFT,383.48,384.05,383.23,383.83,832446
2026-07-08 14:30,MSFT,383.86,384.56,383.52,383.89,898649
2026-07-08 15:00,MSFT,383.92,383.95,382.65,383.47,843668
2026-07-08 15:30,MSFT,383.45,383.74,382.67,383.05,2370592
2026-07-09 09:30,MSFT,374.5,379.31,373.36,378.74,2617889
2026-07-09 10:00,MSFT,378.7,378.79,375.14,376.51,2561048
2026-07-09 10:30,MSFT,376.51,378.91,376.14,378.91,1467461
2026-07-09 11:00,MSFT,378.95,380.28,378.85,380.12,1470705
2026-07-09 11:30,MSFT,380.16,380.6,379.82,380.1,1041090
2026-07-09 12:00,MSFT,380.12,380.19,379,379.65,883123
2026-07-09 12:30,MSFT,379.63,380.15,379.2,379.44,790092
2026-07-09 13:00,MSFT,379.45,380.91,379.45,380.83,1062183
2026-07-09 13:30,MSFT,380.81,380.9,380.25,380.67,997661
2026-07-09 14:00,MSFT,380.65,381.25,380.4,380.62,958845
2026-07-09 14:30,MSFT,380.68,380.94,380.45,380.79,815598
2026-07-09 15:00,MSFT,380.8,382.41,380.75,382.4,1326601
2026-07-09 15:30,MSFT,382.41,384.65,382.35,384.27,2042327
2026-07-10 09:30,MSFT,387.75,391.9,384.75,385.05,2420417
2026-07-10 10:00,MSFT,385.05,385.9,383.5,384.31,1749973
2026-07-10 10:30,MSFT,384.39,384.57,381.92,382.61,1408311
2026-07-10 11:00,MSFT,382.56,383.27,381.51,382.92,1195249
2026-07-10 11:30,MSFT,382.93,384.72,382.9,384.17,816689
2026-07-10 12:00,MSFT,384.19,385.05,383.62,384.53,1012783
2026-07-10 12:30,MSFT,384.59,385.74,384.28,385.69,850047
2026-07-10 13:00,MSFT,385.69,385.76,384.12,384.15,1206065
2026-07-10 13:30,MSFT,384.18,384.58,383.16,383.51,631398
2026-07-10 14:00,MSFT,383.5,385.16,383.45,385.04,1321643
2026-07-10 14:30,MSFT,385.03,385.57,384.79,384.98,1010395
2026-07-10 15:00,MSFT,385,385.64,384.88,385.12,910145
2026-07-10 15:30,MSFT,385.13,385.7,384.78,385.07,1112410
2026-07-13 09:30,MSFT,387.72,391.07,385.64,387.33,2076293
2026-07-13 10:00,MSFT,387.36,387.7,384.17,385.65,2055817
2026-07-13 10:30,MSFT,385.7,389.68,385.42,389.47,1674182
2026-07-13 11:00,MSFT,389.43,391.14,389.32,390.99,1634960
2026-07-13 11:30,MSFT,391.05,391.23,390.39,390.58,1319062
2026-07-13 12:00,MSFT,390.5,392.44,390.31,392.33,1292373
2026-07-13 12:30,MSFT,392.31,393.34,391.58,393.03,1828048
2026-07-13 13:00,MSFT,393,393.56,392.26,392.51,1189190
2026-07-13 13:30,MSFT,392.57,392.76,391.4,391.87,977325
2026-07-13 14:00,MSFT,391.88,392.56,391.85,392.37,839428
2026-07-13 14:30,MSFT,392.37,393.64,392.15,392.94,1338880
2026-07-13 15:00,MSFT,392.89,393.16,390.37,390.37,1397996
2026-07-13 15:30,MSFT,390.38,391.64,389.59,391.05,1967451
2026-07-14 09:30,MSFT,382.2,385.27,378.63,385.22,2597858
2026-07-14 10:00,MSFT,385.25,385.59,382.8,384.58,2289097
2026-07-14 10:30,MSFT,384.65,387.71,384.5,387.48,1570915
2026-07-14 11:00,MSFT,387.5,387.65,385.5,385.85,1367507
2026-07-14 11:30,MSFT,385.86,386.18,384.42,384.74,1314311
2026-07-14 12:00,MSFT,384.67,386.63,384.15,386.6,871989
2026-07-14 12:30,MSFT,386.6,387.58,386.38,387.55,869306
2026-07-14 13:00,MSFT,387.56,388.17,386.21,386.73,1096457
2026-07-14 13:30,MSFT,386.71,387.4,386.5,387.14,753486
2026-07-14 14:00,MSFT,387.17,387.61,386.26,386.91,803094
2026-07-14 14:30,MSFT,386.9,386.95,385.27,385.3,845357
2026-07-14 15:00,MSFT,385.32,386.34,384.96,386.13,970217
2026-07-14 15:30,MSFT,386.11,386.22,384.75,384.95,1713976
2026-07-15 09:30,MSFT,387.8,391.46,386.4,389.56,3068692
2026-07-15 10:00,MSFT,389.65,397.62,389.54,395.06,3487514
2026-07-15 10:30,MSFT,395.09,397.78,393.63,394.04,2580598
2026-07-15 11:00,MSFT,394.13,397.9,393.7,396.77,2158768
2026-07-15 11:30,MSFT,396.79,397.88,395.73,397.35,1876849
2026-07-15 12:00,MSFT,397.26,398.95,397.09,397.65,1945595
2026-07-15 12:30,MSFT,397.66,397.81,394.16,394.52,1816032
2026-07-15 13:00,MSFT,394.52,396.5,394.32,396.42,1132618
2026-07-15 13:30,MSFT,396.48,396.9,395.26,396.12,1196668
2026-07-15 14:00,MSFT,396.12,397.16,395.3,396.5,1575630
2026-07-15 14:30,MSFT,396.51,397.12,395.62,395.62,1230230
2026-07-15 15:00,MSFT,395.6,395.95,394.84,395.55,1724776
2026-07-15 15:30,MSFT,395.55,396.62,394.6,395.66,2092544
2026-07-16 09:30,MU,866.6,887.49,852.53,866.71,3046212
2026-07-16 10:00,MU,866.44,879.9,864.98,869.81,3174341
2026-07-16 10:30,MU,869.37,870.81,856.69,864.98,2536679
2026-07-16 11:00,MU,864.72,869.66,851.23,859.2,2932099
2026-07-16 11:30,MU,859.05,865.44,847.5,853.18,2999489
2026-07-16 12:00,MU,853.68,854.06,846.3,849.58,2315207
2026-07-16 12:30,MU,849.58,855.71,845.78,851.84,2172525
2026-07-16 13:00,MU,851.95,854.5,842.12,852.77,2115043
2026-07-16 13:30,MU,853.06,853.99,840.51,846.4,2196683
2026-07-16 14:00,MU,846.4,863.0,842.52,856.95,2568733
2026-07-16 14:30,MU,856.86,856.86,843.2,845.58,2561258
2026-07-16 15:00,MU,845.64,850.14,843.6,845.78,803513
2026-07-16 15:30,MU,846.19,855.095,845.36,854.43,4054503
2026-07-16 09:30,SNDK,1529.53,1551.99,1456.0,1496.56,257673
2026-07-16 10:00,SNDK,1496.18,1533.0,1486.93,1497.41,1131849
2026-07-16 10:30,SNDK,1496.81,1506.45,1463.02,1482.59,1130041
2026-07-16 11:00,SNDK,1483.49,1497.74,1451.42,1465.09,1158805
2026-07-16 11:30,SNDK,1465.0,1474.55,1437.63,1445.86,945036
2026-07-16 12:00,SNDK,1446.87,1448.75,1424.37,1438.0,942996
2026-07-16 12:30,SNDK,1438.0,1456.0,1425.6,1455.63,610220
2026-07-16 13:00,SNDK,1452.525,1452.525,1423.58,1439.01,714982.8032300007
2026-07-16 13:30,SNDK,1438.13,1442.435,1408.47498,1415.86,776302.5647299998
2026-07-16 14:00,SNDK,1416.19,1448.02,1408.0701,1436.952,790318.0085900016
2026-07-16 14:30,SNDK,1436.2699,1436.2699,1405.02,1409.07,735093.1509699989
2026-07-16 15:00,SNDK,1407.7293,1417.16,1390.4101,1408.58,1153557.6910100002
2026-07-16 15:30,SNDK,1407.81,1423.07,1401.06006,1411.09,1620218
2026-07-16 09:30,MSFT,398.07999,398.45,392.1605,393.27499,3929416.7560699997
2026-07-16 10:00,MSFT,393.23001,396.23001,392.74,396.05,2136270.51776
2026-07-16 10:30,MSFT,395.92001,398.17,395.92001,397.28,1760313.3815199994
2026-07-16 11:00,MSFT,397.34,399.6227,397.0,398.76001,1403996.2686700001
2026-07-16 11:30,MSFT,399.1112,400.43,398.38,400.36,1366700.3286899999
2026-07-16 12:00,MSFT,400.415,400.75,399.55,400.72,1422396
2026-07-16 12:30,MSFT,400.785,404.44,400.785,403.054,2384958.5549999997
2026-07-16 13:00,MSFT,403.07999,403.9354,401.4342,403.7201,1743087.1479100008
2026-07-16 13:30,MSFT,403.7235,403.98,402.1242,402.6063,1420872.1777600013
2026-07-16 14:00,MSFT,402.71,404.705,402.525,404.015,2145279.124809999
2026-07-16 14:30,MSFT,403.95,405.76,403.72,405.67,1925160.8814200014
2026-07-16 15:00,MSFT,405.6263,405.91,401.808,401.808,2864807.9930799976
2026-07-16 15:30,MSFT,401.66,401.75,399.032,401.05,4057859
2026-07-17 09:30,MU,822.99,845.15,804.01,843.58,855830
2026-07-17 10:00,MU,843.76,874.79,840,871.57,2260298
2026-07-17 10:30,MU,871.44,880.59,852.56,854.16,4096240
2026-07-17 11:00,MU,854.2,859.15,846.68,856.45,3659131
2026-07-17 11:30,MU,856.46,885.92,852.88,884.53,3310255
2026-07-17 12:00,MU,884.37,892,878.8,884.82,3727741
2026-07-17 12:30,MU,885.06,897.5,881.38,893.58,2887701
2026-07-17 13:00,MU,893.49,903.9,892.4,896.98,3113316
2026-07-17 13:30,MU,896.58,897.75,882.68,883.72,3110708
2026-07-17 14:00,MU,884.15,885.94,870.62,875.37,2564511
2026-07-17 14:30,MU,875.26,880.6,868.32,871.53,2534938
2026-07-17 15:00,MU,871.84,872.04,856.54,864.14,3091825
2026-07-17 15:30,MU,864.34,868.96,861.9,866.36,784192
2026-07-17 09:30,SNDK,1364.11,1396.4,1325.04,1390,268636
2026-07-17 10:00,SNDK,1390.49,1464.71,1390.49,1440.71,662540
2026-07-17 10:30,SNDK,1439.3,1452.13,1405,1411.89,1007215
2026-07-17 11:00,SNDK,1411.57,1422.47,1387.56,1413.29,913870
2026-07-17 11:30,SNDK,1415.41003,1491.93005,1411.44,1482.64502,1305393
2026-07-17 12:00,SNDK,1484.25,1500.91003,1467.68,1476,1327688
2026-07-17 12:30,SNDK,1478.01001,1480.3,1459.39001,1471.18,709556
2026-07-17 13:00,SNDK,1470.84,1494.57,1470.84,1479.97498,609157
2026-07-17 13:30,SNDK,1479.26,1481.7,1435.56,1440.89,682664
2026-07-17 14:00,SNDK,1442.54,1446.38,1415.19763,1434.12,764070
2026-07-17 14:30,SNDK,1434.90503,1439.54,1408.50012,1421.06995,685073
2026-07-17 15:00,SNDK,1420,1426.80896,1387,1395.31995,872965
2026-07-17 15:30,SNDK,1400.06995,1409.25,1347.4,1354.59,1920697
2026-07-17 09:30,MSFT,394.85,398.39,392.39,393.36,2255661
2026-07-17 10:00,MSFT,393.42,393.79,391.22,393,3212389
2026-07-17 10:30,MSFT,393,393.47,390.71,392.32,2383389
2026-07-17 11:00,MSFT,392.39,392.4,389.41,391,1956493
2026-07-17 11:30,MSFT,391.1,392.69,390.95,392.52,1409394
2026-07-17 12:00,MSFT,392.59,393.01,391.14,392.66,1055713
2026-07-17 12:30,MSFT,392.66,394.75,392.48,393.97,1342065
2026-07-17 13:00,MSFT,394.02,394.89,394.02,394.67,926945
2026-07-17 13:30,MSFT,394.64,395.47,394.61,395.01,784125
2026-07-17 14:00,MSFT,395.05,395.97,394.54,394.81,1237425
2026-07-17 14:30,MSFT,394.82,395.29,393.95,395.2,976659
2026-07-17 15:00,MSFT,395.2,395.64,394.41,395.63,1502833
2026-07-17 15:30,MSFT,395.6,395.9,395.52,395.61,1556
2026-07-20 09:30,MU,885.18,898.95,876.83,881.82,3178179
2026-07-20 10:00,MU,881.36,888.25,866.15,880.2,3419582
2026-07-20 10:30,MU,880.41,883.49,868.2,870.25,2300318
2026-07-20 11:00,MU,870.13,886.99,868,886.3,2240840
2026-07-20 11:30,MU,886.4,893.88,879.57,892.39,2088666
2026-07-20 12:00,MU,892.6,900.99,890.26,894.51,2608715
2026-07-20 12:30,MU,894.51,895.82,886,889.22,1732019
2026-07-20 13:00,MU,889.43,892.39,885.66,889.04,1807486
2026-07-20 13:30,MU,889.25,889.83,883.32,887.02,1127139
2026-07-20 14:00,MU,887.17,888.72,877.45,877.71,1571581
2026-07-20 14:30,MU,877.67,877.81,871.02,872.8,1659928
2026-07-20 15:00,MU,872.75,874.35,858.9,864,2559793
2026-07-20 15:30,MU,863.99,867.52,858.77,866.29,1990578
2026-07-20 09:30,SNDK,1407.55,1450,1393.98,1410.66,835355
2026-07-20 10:00,SNDK,1410.7,1436.51,1408.66,1416.61,98812
2026-07-20 10:30,SNDK,1427.22,1431.44995,1401.43396,1406.33,755554
2026-07-20 11:00,SNDK,1403,1429.99,1402,1429.99,645923
2026-07-20 11:30,SNDK,1429.64,1436.34998,1413.57,1430.42505,585134
2026-07-20 12:00,SNDK,1430.37,1454.9,1426.544,1441.685,835470
2026-07-20 12:30,SNDK,1442.32,1444.62,1424.83,1431.73,708715
2026-07-20 13:00,SNDK,1432,1435.23,1419.85,1429.52,501415
2026-07-20 13:30,SNDK,1430.275,1439.1,1425.52,1433.99,303995
2026-07-20 14:00,SNDK,1434,1437.92,1421.94,1421.94,411696
2026-07-20 14:30,SNDK,1421,1421,1404.42,1407.29,491057
2026-07-20 15:00,SNDK,1407.84,1412.58,1376,1389.69,875087
2026-07-20 15:30,SNDK,1391.23,1400.89,1383,1389,1048839
2026-07-20 09:30,MSFT,391.41,392.99,389.65,390.92,2193379
2026-07-20 10:00,MSFT,390.97,395.11,390.16,394.32,1836218
2026-07-20 10:30,MSFT,394.36,396.26,394.1,395.86,1533373
2026-07-20 11:00,MSFT,395.88,398.11,395.55,397.69,1620854
2026-07-20 11:30,MSFT,397.63,399.19,397.1,398.95,1171240
2026-07-20 12:00,MSFT,398.96,399.09,398.96,399.09,360
2026-07-20 12:30,MSFT,401.49,403.1,401.37,401.37,1810067
2026-07-20 13:00,MSFT,401.46,402.09,400.32,401.91,1257495
2026-07-20 13:30,MSFT,401.94,402.36,400.82501,401.67999,1030865
2026-07-20 14:00,MSFT,401.7299,402.3479,401.33499,401.99,949325
2026-07-20 14:30,MSFT,401.95,402.20001,400,400.58499,1443060
2026-07-20 15:00,MSFT,400.58,401.4,400.48999,401.2,1262193
2026-07-20 15:30,MSFT,401.23999,402.655,400.78,402.33,3403292
2026-07-21 09:30,MSFT,399,401.44,396.33,400.01,2301499
2026-07-21 10:00,MSFT,400.04,401.33,398.31,401.01,1756748
2026-07-21 10:30,MSFT,401,401.31,399.27,399.32,1574810
2026-07-21 11:00,MSFT,399.36,399.36,398.07,398.71,1428477
2026-07-21 11:30,MSFT,398.7,400.05,398.49,398.58,1471804
2026-07-21 12:00,MSFT,398.58,398.68,397.42,398.02,1104825
2026-07-21 12:30,MSFT,398.01,398.75,397.76,398.64,313517
2026-07-21 13:00,MSFT,398.59,399.61,398.11,399.47,849542
2026-07-21 13:30,MSFT,399.45499,399.51971,398.54,399.19501,667667
2026-07-21 14:00,MSFT,399.22,399.22,398.3,398.76999,639186
2026-07-21 14:30,MSFT,398.84,398.85001,398.02,398.19,747154
2026-07-21 15:00,MSFT,398.23999,399.58,398.065,399.51001,910924
2026-07-21 15:30,MSFT,399.485,399.65,397.45499,397.68,2141237
